{"cameraMode":{"drawMode":0,"name":"Shaded","section":"Shading Mode"},"sceneLighting":true,"audioPlay":false,"sceneViewState":{"m_AlwaysRefresh":false,"showFog":true,"showSkybox":true,"showFlares":true,"showImageEffects":true,"showParticleSystems":true,"showVisualEffectGraphs":true,"m_FxEnabled":true},"in2DMode":false,"pivot":{"x":7.32679557800293,"y":2.5660135746002199,"z":-0.812061607837677},"rotation":{"x":-0.0023895595222711565,"y":-0.9971421360969544,"z":0.06652060151100159,"w":-0.036826323717832568},"size":1.7447313070297242,"orthographic":false}