{"cameraMode":{"drawMode":0,"name":"Shaded","section":"Shading Mode"},"sceneLighting":false,"audioPlay":false,"sceneViewState":{"m_AlwaysRefresh":false,"showFog":true,"showSkybox":false,"showFlares":true,"showImageEffects":true,"showParticleSystems":true,"showVisualEffectGraphs":true,"m_FxEnabled":true},"in2DMode":false,"pivot":{"x":-0.9363133907318115,"y":0.38383328914642336,"z":0.010813355445861817},"rotation":{"x":-0.07757199555635452,"y":0.9117761850357056,"z":-0.20294292271137238,"w":-0.3485132157802582},"size":1.372190237045288,"orthographic":false}